"Wall slice (x=10): z_over_c","Wall slice (x=10): Position[Y] (m)","Wall slice (x=10): z_over_c","Wall slice (x=10): True_Cp"
4.833291423156616,-27.344071358037194,4.833291423156616,-0.4687773699254777
4.817755157910241,-27.334927756714134,4.817755157910241,-0.48055836383369505
4.8022404526354805,-27.32587610584969,4.8022404526354805,-0.4891459212872597
5.228035297741016,-28.36679423497155,5.228035297741016,0.19878438300671067
4.7866556691473505,-27.317165483744226,4.7866556691473505,-0.49577331557465953
4.963691382998093,-28.13639688300423,4.963691382998093,0.21829705498682603
4.979199245502997,-28.15341520080861,4.979199245502997,0.20550621022285276
4.99497089601735,-28.170089282911135,4.99497089601735,0.18438535158053992
5.010349548968549,-28.185530199304026,5.010349548968549,0.18545313556940338
5.212682480381432,-28.356086590370865,5.212682480381432,0.1849810860530937
4.94842013088094,-28.119430591665264,4.94842013088094,0.23005870210806073
4.771339231253876,-27.309734435742644,4.771339231253876,-0.5359730497895037
5.025624966249467,-28.20055370553044,5.025624966249467,0.17843232790465982
5.041304043238526,-28.215642504997195,5.041304043238526,0.16871555887599926
5.057074344220922,-28.229973689550995,5.057074344220922,0.16018210184697404
5.197162556682883,-28.345018579654287,5.197162556682883,0.17328285482749603
5.072610867540682,-28.24332311300057,5.072610867540682,0.17392382849591403
5.150398176405304,-28.309043780110713,5.150398176405304,0.16257192963835723
4.9328962242184815,-28.10183689886668,4.9328962242184815,0.23579493446644154
4.756392819246209,-27.304142505249192,4.756392819246209,-0.5218494468318436
5.181481786295706,-28.333433232405447,5.181481786295706,0.16489952359480503
5.088095371890624,-28.256467539227724,5.088095371890624,0.1775188701374771
5.103682363347204,-28.26963131973315,5.103682363347204,0.1798457220927125
5.119368639961081,-28.282975396028633,5.119368639961081,0.17713518960951585
5.134950030001804,-28.29620848699315,5.134950030001804,0.16924604325629203
5.165815873900527,-28.321390601566755,5.165815873900527,0.16171472339749413
4.917069154587338,-28.08320798761271,4.917069154587338,0.2554950262745196
4.741490284167604,-27.300015497441827,4.741490284167604,-0.6224610932473409
4.9015364447546546,-28.06422669714409,4.9015364447546546,0.27606540827699266
4.726615321873098,-27.299689010527295,4.726615321873098,-0.7783881037011078
4.886314336618483,-28.045350484456723,4.886314336618483,0.2903412319198814
4.711581814316347,-27.3040924622765,4.711581814316347,-1.061588789690328
4.870330741593307,-28.025143222919038,4.870330741593307,0.3019251353893237
4.696920889246599,-27.312438067479025,4.696920889246599,-1.2170864230850993
4.861342868715894,-28.01357283278168,4.861342868715894,0.32294527195327266
4.854085036413736,-28.00366976223822,4.854085036413736,0.3338354481457641
4.682456405403485,-27.32537805020786,4.682456405403485,-1.30666794420623
4.839801314995135,-27.984029390312553,4.839801314995135,0.3558675249166463
4.667155142886763,-27.343141180226993,4.667155142886763,-1.3286443715859177
4.823861299716484,-27.9618330767752,4.823861299716484,0.3822475923020456
4.808300837670913,-27.939884797048386,4.808300837670913,0.4074900532975187
4.652627909280014,-27.36331975561741,4.652627909280014,-1.3076218785115565
4.79310244997761,-27.918165457423903,4.79310244997761,0.43183630230797704
4.638536272223291,-27.384985835054202,4.638536272223291,-1.7268152079147876
4.777448661012059,-27.89546824607361,4.777448661012059,0.4574523990154405
4.761914775580742,-27.87239359785719,4.761914775580742,0.488141596411174
4.62511591961907,-27.4095651936329,4.62511591961907,-2.4959098156994584
4.74604962275653,-27.848300145712386,4.74604962275653,0.5173926586057334
4.6148451622565005,-27.443130715849854,4.6148451622565005,-2.226808142460523
4.730893159189385,-27.824718699102988,4.730893159189385,0.554937477242551
4.715786516075745,-27.800378601052433,4.715786516075745,0.6008721786905638
4.608705598799531,-27.485829894456003,4.608705598799531,-1.1225379594809577
4.699666528401352,-27.774235307835163,4.699666528401352,0.6434961182189364
4.684138052626395,-27.74899501545888,4.684138052626395,0.6869313060968684
4.652006904712891,-27.694743688108737,4.652006904712891,0.8103210855634024
4.638605874556532,-27.671309338855316,4.638605874556532,0.8669152216474896
4.607029084515773,-27.53006823292531,4.607029084515773,-0.03382158703023837
4.668138734954795,-27.72235118280574,4.668138734954795,0.7430874400193946
4.658880173474806,-27.706677467516705,4.658880173474806,0.7930001977068037
4.627151867487697,-27.650379393459154,4.627151867487697,0.934460743496473
4.620780663888937,-27.63573477035459,4.620780663888937,0.9717118238472916
4.609389040006491,-27.574758813796265,4.609389040006491,0.7487894302503177
4.615059126243693,-27.613187753625457,4.615059126243693,1.0045073679154555
4.8489659244811065,-27.353390099386544,4.8489659244811065,-0.4557544744740375
4.864383464209197,-27.363323034601102,4.864383464209197,-0.4473708289096983
4.879672037829025,-27.37407228589163,4.879672037829025,-0.4429845468966246
4.8951774063699744,-27.385856241498402,4.8951774063699744,-0.438649179549046
4.910628210173549,-27.39830648760368,4.910628210173549,-0.4376507765363299
4.926345064524881,-27.411783836994744,4.926345064524881,-0.4357390767059426
4.9417076954364205,-27.425727236484782,4.9417076954364205,-0.43618784955785167
4.956916619380735,-27.439555026537505,4.956916619380735,-0.43678993189332593
4.972405962183487,-27.454065937685915,4.972405962183487,-0.4402330565190914
4.988015504483052,-27.471664423627733,4.988015504483052,-0.4402333506409654
5.002932356528206,-27.490972147805635,5.002932356528206,-0.4425029733741548
5.018064670694507,-27.511216655559874,5.018064670694507,-0.4446361979570908
5.0342946994638496,-27.533379562802487,5.0342946994638496,-0.44852745681581596
5.0498240538799735,-27.55495856980133,5.0498240538799735,-0.4514930498590573
5.065084183403144,-27.57661051885286,5.065084183403144,-0.45553101414001335
5.080792161403487,-27.599184658762056,5.080792161403487,-0.4592111874858467
5.096370698835244,-27.62164720243989,5.096370698835244,-0.4639012523153086
5.111809546157261,-27.643997826069203,5.111809546157261,-0.4681360020400547
5.127268495488671,-27.666600146155787,5.127268495488671,-0.47380756618422165
5.142818659456545,-27.690166194196507,5.142818659456545,-0.47827372729484746
5.158954890201883,-27.715317013398558,5.158954890201883,-0.4843075014979657
5.174006494504198,-27.73860675506402,5.174006494504198,-0.48981029261777304
5.18909639622531,-27.76198311015822,5.18909639622531,-0.4962732837794029
5.205169711614545,-27.7876389227164,5.205169711614545,-0.5024464043261068
5.2207319723583225,-27.813444532132344,5.2207319723583225,-0.5085985534406812
5.236759931732479,-27.840104787776724,5.236759931732479,-0.51487064084216
5.376955619524239,-28.085096384341398,5.376955619524239,-0.5607871352962633
5.252313430285142,-27.865485111075593,5.252313430285142,-0.5221488466804515
5.361252893556248,-28.055345040942825,5.361252893556248,-0.5570186278134045
5.267400110433627,-27.8907540114117,5.267400110433627,-0.5276595377816866
5.3457532743584935,-28.027348603789097,5.3457532743584935,-0.554134063784144
5.282643164684714,-27.91743137422965,5.282643164684714,-0.5328836676024292
5.329792086578195,-28.00002049194586,5.329792086578195,-0.548617322693643
5.2982426671228,-27.945045641530797,5.2982426671228,-0.5382015342832621
5.314195183843374,-27.973197325279745,5.314195183843374,-0.5433258758576818
5.392529957181999,-28.114834435715657,5.392529957181999,-0.5639488065316165
5.407512416333574,-28.143503269227107,5.407512416333574,-0.5676741170980606
5.404243764834277,-28.378769660845382,5.404243764834277,-0.5831530315911231
5.422412262695033,-28.171994496316845,5.422412262695033,-0.5707256133561199
5.407511835366748,-28.381729136371852,5.407511835366748,-0.5837754183558971
5.437984305532524,-28.201806932587296,5.437984305532524,-0.5747045453087081
5.411418085366748,-28.385266529815596,5.411418085366748,-0.5846105034893386
5.45361930125825,-28.232064372202956,5.45361930125825,-0.5782009234297404
5.415685001202533,-28.38913053240184,5.415685001202533,-0.5859362249360094
5.469170852522751,-28.26300406172639,5.469170852522751,-0.5822841120869364
5.484661897981823,-28.29452352014279,5.484661897981823,-0.5864353023736683
5.449206430635357,-28.41948662448518,5.449206430635357,-0.5962144466070192
5.443253943307695,-28.414096214335594,5.443253943307695,-0.5943171732673319
5.43927968411203,-28.41049723361943,5.43927968411203,-0.5931420643680259
5.419659667205252,-28.392729881511354,5.419659667205252,-0.5872638697158592
5.5002473089384125,-28.326518444045167,5.5002473089384125,-0.591248050887118
5.4571410452286955,-28.426671995017273,5.4571410452286955,-0.5986844373539745
5.435419369460369,-28.40700143797409,5.435419369460369,-0.5920840556480509
5.4313670716367,-28.40333178760519,5.4313670716367,-0.5908766094110203
5.4220247101077135,-28.394871599849232,5.4220247101077135,-0.5887239783345978
5.424146858354206,-28.396793359412445,5.424146858354206,-0.5887239783345978
5.425703779873203,-28.398203265069718,5.425703779873203,-0.5887239783345978
5.515262658059498,-28.35702724974469,5.515262658059498,-0.5964031328729027
5.5223200676945154,-28.37120134078966,5.5223200676945154,-0.5972338617846681
5.465203817357434,-28.43397342151753,5.465203817357434,-0.6004136773703006
5.42753882486673,-28.399865031758765,5.42753882486673,-0.589979519181494
5.530444095147779,-28.387410084727517,5.530444095147779,-0.6028843246835638
5.47314224349843,-28.441162243683245,5.47314224349843,-0.602980307713827
5.540537494828655,-28.40868917043613,5.540537494828655,-0.6044961604237611
5.492839615534535,-28.458999646486305,5.492839615534535,-0.608947291177989
5.480892224342917,-28.448180414928906,5.480892224342917,-0.6058580450679094
5.546566054019927,-28.43076679286029,5.546566054019927,-0.6088101399731505
5.508388257360231,-28.473072311086774,5.508388257360231,-0.6133010621644003
5.5506567185797735,-28.482867388541138,5.5506567185797735,-0.6315774277491312
5.550184855449743,-28.447299361950247,5.550184855449743,-0.6004434083310046
5.523330477521128,-28.48652457517572,5.523330477521128,-0.6183668633808498
5.536891180000026,-28.49862455528799,5.536891180000026,-0.6227965427081693
5.5506575338832675,-28.48283047498866,5.5506575338832675,-0.6132379172194831
5.5506490854229895,-28.48215873308012,5.5506490854229895,-0.6132379172194831
5.550580608816404,-28.483572029366698,5.550580608816404,-0.6257383353347215
5.550455262069718,-28.464687183969538,5.550455262069718,-0.6135522276606283
5.5453619783193275,-28.50614033341241,5.5453619783193275,-0.631818424418251
5.549163270068178,-28.496283084665436,5.549163270068178,-0.6144262977169924
5.270061919360188,-28.394909616616843,5.270061919360188,0.2256598675038821
5.281350929131214,-28.401924613711934,5.281350929131214,0.3151344903291927
5.286454959188795,-28.401092407591282,5.286454959188795,0.1616997939434059
5.286858492281034,-28.39381268250353,5.286858492281034,0.18003793151881634
5.257078520918782,-28.386454713535493,5.257078520918782,0.23411374480694847
5.243065345620266,-28.377051975431286,5.243065345620266,0.21400005612056788
5.2890389424049715,-28.354478438687273,5.2890389424049715,0.2641471130090279
5.287068992982306,-28.39001526277853,5.287068992982306,0.20998769801077757
5.292150412093704,-28.29835042654077,5.292150412093704,0.31125902395811633
5.3052264832468055,-28.28843501417923,5.3052264832468055,0.2805653627088036
5.296374915303126,-28.28026956546045,5.296374915303126,0.2840762040713937
5.320531413040349,-28.302553242393145,5.320531413040349,0.2570226156595488
5.3379667741773815,-28.318606238313897,5.3379667741773815,0.2412081423477904
5.388606214305739,-28.364677166331386,5.388606214305739,0.39853785256726926
5.353419635231653,-28.332724007268016,5.353419635231653,0.23019747924584602
5.364527971260955,-28.342804121568783,5.364527971260955,0.2412580564401087
5.378537877810935,-28.355491110772572,5.378537877810935,0.34330398011543745
5.38403533841295,-28.36049018220839,5.38403533841295,0.3965903277325153
5.371576051003913,-28.349186670323647,5.371576051003913,0.2913169609712996
